,threshold,mAPs,Mean Ranks,Mean Degrees,ROC,ROCDist,BCE,mAPs_blind,Mean Ranks_blind,Mean Degrees_blind,ROC_blind,ROCDist_blind,BCE_blind,Dev Loss,T Trained,Root,ID
0,0.329,0.9495991688567121,13.752462209371075,18.490403842006096,0.985582636559594,0.985582636559594,0.5885408049173528,0.9495991688567121,13.752462209371075,18.490403842006096,0.985582636559594,0.985582636559594,0.5885408049173528,0.03649828841949085,0.329,C:\Users\coleb\OneDrive\Desktop\Fall 2021\Neuro\hgcn\study\meg\lp\alpha_full_setc_4d\1,0
0,0.329,0.9474436099733826,13.651454249063697,18.40379633038863,0.9853241082627401,0.9853241082627401,0.5853835149283795,0.9474436099733826,13.651454249063697,18.40379633038863,0.9853241082627401,0.9853241082627401,0.5853835149283795,0.03687136717718439,0.329,C:\Users\coleb\OneDrive\Desktop\Fall 2021\Neuro\hgcn\study\meg\lp\alpha_full_setc_4d\2,1
