,dir,loss,roc,gamma,c,lr-reduce-freq,lr,best_epoch
0,C:\Users\coleb\OneDrive\Desktop\Fall 2021\Neuro\hgcn\study\meg\lp\alpha_full_setc_4d\1,"(0.03629135368770913, 0.03649828841949085)","(0.9855499270059993, 0.9854004399728985)",0.9,1.0,20,0.026,
1,C:\Users\coleb\OneDrive\Desktop\Fall 2021\Neuro\hgcn\study\meg\lp\alpha_full_setc_4d\2,"(0.03617835581469062, 0.03687136717718439)","(0.9855737500383407, 0.9852766162447865)",0.9,1.0,20,0.026,
