,threshold,mAPs,Mean Ranks,Mean Degrees,ROC,BCE,mAPs_blind,Mean Ranks_blind,Mean Degrees_blind,ROC_blind,BCE_blind,Dev Loss,T Trained,Root,ID
0,0.329,0.9601903475206619,13.346535839614221,18.23386502351858,0.9878241555495815,0.638487833724794,0.9601903475206619,13.346535839614221,18.23386502351858,0.9878241555495815,0.638487833724794,0.03207251475882497,0.329,C:\Users\coleb\OneDrive\Desktop\Fall 2021\Neuro\hgcn\study\meg\lp\alpha_full_findc_6d\1,0
0,0.329,0.9610034402887904,13.651528873565542,18.80110278818144,0.9878707268138088,0.6330437201034048,0.9610034402887904,13.651528873565542,18.80110278818144,0.9878707268138088,0.6330437201034048,0.0320136949916284,0.329,C:\Users\coleb\OneDrive\Desktop\Fall 2021\Neuro\hgcn\study\meg\lp\alpha_full_findc_6d\2,1
0,0.329,0.9594166177760458,13.613191826513086,18.797534962609866,0.9887505306203553,0.6564502848980592,0.9594166177760458,13.613191826513086,18.797534962609866,0.9887505306203553,0.6564502848980592,0.030262578102735346,0.329,C:\Users\coleb\OneDrive\Desktop\Fall 2021\Neuro\hgcn\study\meg\lp\alpha_full_findc_6d\3,2
