,threshold,mAPs,Mean Ranks,Mean Degrees,ROC,ROCDist,BCE,mAPs_blind,Mean Ranks_blind,Mean Degrees_blind,ROC_blind,ROCDist_blind,BCE_blind,Dev Loss,T Trained,Root,ID
0,0.329,0.8098286058743371,14.751884831941371,17.524243370029883,0.9608204919690255,0.9608204919690255,0.5552040871504482,0.8098286058743371,14.751884831941371,17.524243370029883,0.9608204919690255,0.9608204919690255,0.5552040871504482,0.05822734414673203,0.329,C:\Users\coleb\OneDrive\Desktop\Fall 2021\Neuro\hgcn\study\meg\lp\alpha_full_findc_2d\1,0
0,0.329,0.8277013186070566,15.15727315034784,18.07076509733399,0.9607641825521634,0.9607641825521634,0.5484746532117956,0.8277013186070566,15.15727315034784,18.07076509733399,0.9607641825521634,0.9607641825521634,0.5484746532117956,0.060203476174386386,0.329,C:\Users\coleb\OneDrive\Desktop\Fall 2021\Neuro\hgcn\study\meg\lp\alpha_full_findc_2d\9,1
