,threshold,mAPs,Mean Ranks,Mean Degrees,ROC,BCE,mAPs_blind,Mean Ranks_blind,Mean Degrees_blind,ROC_blind,BCE_blind,Dev Loss,T Trained,Root,ID
0,0.329,0.9474274567734686,13.146412793755824,17.730059981254342,0.9866178267788006,0.5428886769088872,0.9474274567734686,13.146412793755824,17.730059981254342,0.9866178267788006,0.5428886769088872,0.036861832403791574,0.329,C:\Users\coleb\OneDrive\Desktop\Fall 2021\Neuro\hgcn\study\meg\lp\alpha_novirt_findc_3d\1,0
0,0.329,0.9503918021340636,13.768717298240347,18.64746920794373,0.9859807170033326,0.5606918314596548,0.9503918021340636,13.768717298240347,18.64746920794373,0.9859807170033326,0.5606918314596548,0.03551755934247067,0.329,C:\Users\coleb\OneDrive\Desktop\Fall 2021\Neuro\hgcn\study\meg\lp\alpha_novirt_findc_3d\2,1
