,dir,loss,roc,gamma,c,lr-reduce-freq,lr,best_epoch
0,C:\Users\coleb\OneDrive\Desktop\Fall 2021\Neuro\hgcn\study\meg\lp\alpha_novirt_findc_3d\1,"(0.03651626074081078, 0.036861832403791574)","(0.986211935690604, 0.9860935576047175)",0.6177281345000377,0.6480883529802512,20,0.027849304837389156,
1,C:\Users\coleb\OneDrive\Desktop\Fall 2021\Neuro\hgcn\study\meg\lp\alpha_novirt_findc_3d\2,"(0.03613997281086943, 0.03551755934247067)","(0.9865386714353624, 0.9869374103646845)",0.936740516210802,0.6680378526772074,20,0.022450114981509006,
