,threshold,mAPs,Mean Ranks,Mean Degrees,ROC,ROCDist,BCE,mAPs_blind,Mean Ranks_blind,Mean Degrees_blind,ROC_blind,ROCDist_blind,BCE_blind,Dev Loss,T Trained,Root,ID
0,0.329,0.6960765706905367,20.768438149403675,17.591702448959,0.8732083928351558,0.8732083928351558,1.5169601936349564,0.6960765706905367,20.768438149403675,17.591702448959,0.8732083928351558,0.8732083928351558,1.5169601936349564,0.49538119956095056,0.329,C:\Users\coleb\OneDrive\Desktop\Fall 2021\Neuro\hgcn\study\meg\lp\alpha_nowt_findc_6d\1,0
0,0.329,0.7505332865109442,18.618853556289054,17.872630093065485,0.9043095229732341,0.9043095229732341,1.5226286919268315,0.7505332865109442,18.618853556289054,17.872630093065485,0.9043095229732341,0.9043095229732341,1.5226286919268315,0.5531039627590864,0.329,C:\Users\coleb\OneDrive\Desktop\Fall 2021\Neuro\hgcn\study\meg\lp\alpha_nowt_findc_6d\2,1
