,threshold,mAPs,Mean Ranks,Mean Degrees,ROC,BCE,mAPs_blind,Mean Ranks_blind,Mean Degrees_blind,ROC_blind,BCE_blind,Dev Loss,T Trained,Root
0,0.329,0.9305702509273142,13.8575015659388,18.325724074630777,0.9781978362230079,0.9510598754395848,0.9308259096577441,13.988259648963377,18.544407577062614,0.978231210550249,0.9457581926467322,0.03207267040737031,0.329,C:\Users\coleb\OneDrive\Desktop\Fall 2021\Neuro\hgcn\study\meg\lp\alpha_full_findc_8d\2
