,threshold,mAPs,Mean Ranks,Mean Degrees,ROC,ROCDist,BCE,mAPs_blind,Mean Ranks_blind,Mean Degrees_blind,ROC_blind,ROCDist_blind,BCE_blind,Dev Loss,T Trained,Root
0,0.329,0.7482845722616951,20.820741401454548,18.31575400440403,0.8216815611550802,0.8539410156074774,0.4319260628720577,0.7482845722616951,20.820741401454548,18.31575400440403,0.8216815611550802,0.8539410156074774,0.4319260628720577,-1,0.329,C:\Users\coleb\OneDrive\Desktop\Fall 2021\Neuro\hgcn\data\MEG\329\plv\alpha\poinc_embs3d_3d
