,threshold,mAPs,Mean Ranks,Mean Degrees,ROC,BCE,mAPs_blind,Mean Ranks_blind,Mean Degrees_blind,ROC_blind,BCE_blind,Dev Loss,T Trained,Root,ID
0,0.329,0.9589373577114144,14.525103003427683,19.883895131086142,0.9873462190932502,0.6142920622383176,0.9589373577114144,14.525103003427683,19.883895131086142,0.9873462190932502,0.6142920622383176,0.03391387667466282,0.329,C:\Users\coleb\OneDrive\Desktop\Fall 2021\Neuro\hgcn\study\meg\lp\alpha_full_findc_4d\1,0
0,0.329,0.9565207708229947,13.492352772686708,17.94983164983165,0.9877828313878573,0.590862555490386,0.9565207708229947,13.492352772686708,17.94983164983165,0.9877828313878573,0.590862555490386,0.03422686729755994,0.329,C:\Users\coleb\OneDrive\Desktop\Fall 2021\Neuro\hgcn\study\meg\lp\alpha_full_findc_4d\5,1
0,0.329,0.9477338346617848,15.973453832839985,22.20041141754625,0.9835398138465026,0.6249627879346082,0.9477338346617848,15.973453832839985,22.20041141754625,0.9835398138465026,0.6249627879346082,0.033664101793275225,0.329,C:\Users\coleb\OneDrive\Desktop\Fall 2021\Neuro\hgcn\study\meg\lp\alpha_full_findc_4d\6,2
