,threshold,mAPs,Mean Ranks,Mean Degrees,ROC,BCE,mAPs_blind,Mean Ranks_blind,Mean Degrees_blind,ROC_blind,BCE_blind,Dev Loss,T Trained,Root,ID
0,0.329,0.9551733288979319,13.233722396423184,18.017539628494685,0.9886781233813406,0.5987869705128094,0.9551733288979319,13.233722396423184,18.017539628494685,0.9886781233813406,0.5987869705128094,0.03391387667466282,0.329,C:\Users\coleb\OneDrive\Desktop\Fall 2021\Neuro\hgcn\study\meg\lp\alpha_full_findc_4d\1,0
0,0.329,0.9566081291553176,13.329873154786002,18.23933932016798,0.9886456363069261,0.5809947950520925,0.9566081291553176,13.329873154786002,18.23933932016798,0.9886456363069261,0.5809947950520925,0.03422686729755994,0.329,C:\Users\coleb\OneDrive\Desktop\Fall 2021\Neuro\hgcn\study\meg\lp\alpha_full_findc_4d\5,1
0,0.329,0.9531379044628463,13.558156968203642,18.48796209599112,0.9873344665183108,0.6023679683985923,0.9531379044628463,13.558156968203642,18.48796209599112,0.9873344665183108,0.6023679683985923,0.033664101793275225,0.329,C:\Users\coleb\OneDrive\Desktop\Fall 2021\Neuro\hgcn\study\meg\lp\alpha_full_findc_4d\6,2
