,threshold,mAPs,Mean Ranks,Mean Degrees,ROC,BCE,mAPs_blind,Mean Ranks_blind,Mean Degrees_blind,ROC_blind,BCE_blind,Dev Loss,T Trained,Root
0,0.329,0.9477338346617848,15.973453832839985,22.20041141754625,0.9835398138465026,0.6249627879346082,0.9477338346617848,15.973453832839985,22.20041141754625,0.9835398138465026,0.6249627879346082,0.033664101793275225,0.329,C:\Users\coleb\OneDrive\Desktop\Fall 2021\Neuro\hgcn\study\meg\lp\alpha_full_findc_4d\6
