,threshold,mAPs,Mean Ranks,Mean Degrees,ROC,ROCDist,BCE,mAPs_blind,Mean Ranks_blind,Mean Degrees_blind,ROC_blind,ROCDist_blind,BCE_blind,Dev Loss,T Trained,Root,ID
0,0.329,0.8197649161149793,15.758361389888428,18.977964649617277,0.9587865980799906,0.9587865980799906,0.5575834727834494,0.8197649161149793,15.758361389888428,18.977964649617277,0.9587865980799906,0.9587865980799906,0.5575834727834494,0.05771751319447511,0.329,C:\Users\coleb\OneDrive\Desktop\Fall 2021\Neuro\hgcn\study\meg\lp\alpha_novirt_findc_2d\1,0
0,0.329,0.8056947275986921,17.038914877096445,19.089806933252632,0.9421344046081541,0.9421344046081541,0.560457537213229,0.8056947275986921,17.038914877096445,19.089806933252632,0.9421344046081541,0.9421344046081541,0.560457537213229,0.07355714041775116,0.329,C:\Users\coleb\OneDrive\Desktop\Fall 2021\Neuro\hgcn\study\meg\lp\alpha_novirt_findc_2d\2,1
