,threshold,mAPs,Mean Ranks,Mean Degrees,ROC,BCE,mAPs_blind,Mean Ranks_blind,Mean Degrees_blind,ROC_blind,BCE_blind,Dev Loss,T Trained,Root,ID
0,0.329,0.9510589337170305,13.234484306126497,17.837208242896985,0.9878518934241876,0.5561022542068518,0.9510589337170305,13.234484306126497,17.837208242896985,0.9878518934241876,0.5561022542068518,0.03469403622651801,0.329,C:\Users\coleb\OneDrive\Desktop\Fall 2021\Neuro\hgcn\study\meg\lp\alpha_full_findc_3d\1,0
0,0.329,0.9508640913004027,13.848021295182534,18.96611014956052,0.9866670812410425,0.5727846868351741,0.9508640913004027,13.848021295182534,18.96611014956052,0.9866670812410425,0.5727846868351741,0.03637792326001701,0.329,C:\Users\coleb\OneDrive\Desktop\Fall 2021\Neuro\hgcn\study\meg\lp\alpha_full_findc_3d\1_42,1
0,0.329,0.9532628941846676,13.238502447943318,17.973459233407734,0.9876977134848504,0.5549387674020335,0.9532628941846676,13.238502447943318,17.973459233407734,0.9876977134848504,0.5549387674020335,0.03479196853349999,0.329,C:\Users\coleb\OneDrive\Desktop\Fall 2021\Neuro\hgcn\study\meg\lp\alpha_full_findc_3d\1_43,2
0,0.329,0.9501628501031454,12.859641436381517,17.308852885912813,0.9878555690409977,0.5639057575602602,0.9501628501031454,12.859641436381517,17.308852885912813,0.9878555690409977,0.5639057575602602,0.03569455531685335,0.329,C:\Users\coleb\OneDrive\Desktop\Fall 2021\Neuro\hgcn\study\meg\lp\alpha_full_findc_3d\2_42,3
0,0.329,0.9521238977124445,13.822530599706063,18.885569096079394,0.9869879565980965,0.5603478126072561,0.9521238977124445,13.822530599706063,18.885569096079394,0.9869879565980965,0.5603478126072561,0.035694683580638084,0.329,C:\Users\coleb\OneDrive\Desktop\Fall 2021\Neuro\hgcn\study\meg\lp\alpha_full_findc_3d\2_43,4
0,0.329,0.9524012027504438,12.973684248188528,17.655335599484086,0.9881149802375546,0.5605550059275415,0.9524012027504438,12.973684248188528,17.655335599484086,0.9881149802375546,0.5605550059275415,0.03568441913117052,0.329,C:\Users\coleb\OneDrive\Desktop\Fall 2021\Neuro\hgcn\study\meg\lp\alpha_full_findc_3d\3_42,5
0,0.329,0.951804177846815,13.352740791577293,18.26433671925245,0.9870755186546138,0.5589833447180612,0.951804177846815,13.352740791577293,18.26433671925245,0.9870755186546138,0.5589833447180612,0.03534397670430335,0.329,C:\Users\coleb\OneDrive\Desktop\Fall 2021\Neuro\hgcn\study\meg\lp\alpha_full_findc_3d\4_42,6
