,dir,loss,roc,gamma,c,lr-reduce-freq,lr,best_epoch
0,C:\Users\coleb\OneDrive\Desktop\Fall 2021\Neuro\hgcn\study\meg\lp\alpha_full_findc_3d\1,"(0.035680100862556366, 0.03469403622651801)","(0.9870116125124088, 0.9883772445542793)",0.917344904650236,0.6673269446022951,20,0.026793909703510754,
1,C:\Users\coleb\OneDrive\Desktop\Fall 2021\Neuro\hgcn\study\meg\lp\alpha_full_findc_3d\1_42,"(0.0356812258158054, 0.03637792326001701)","(0.9870035041595455, 0.986972949849086)",0.9,0.7126507340508563,20,0.026,
2,C:\Users\coleb\OneDrive\Desktop\Fall 2021\Neuro\hgcn\study\meg\lp\alpha_full_findc_3d\1_43,"(0.03567704622950926, 0.03479196853349999)","(0.987300230336295, 0.9872142315106809)",0.9,0.6955461578932558,20,0.026,
3,C:\Users\coleb\OneDrive\Desktop\Fall 2021\Neuro\hgcn\study\meg\lp\alpha_full_findc_3d\2_42,"(0.03598681214747849, 0.03569455531685335)","(0.9870863729356655, 0.9868710950431174)",0.9,0.6958926676983869,20,0.026,
4,C:\Users\coleb\OneDrive\Desktop\Fall 2021\Neuro\hgcn\study\meg\lp\alpha_full_findc_3d\2_43,"(0.035533167565934574, 0.035694683580638084)","(0.9872223332799176, 0.9872676556999872)",0.9,0.6955570625916603,20,0.026,
5,C:\Users\coleb\OneDrive\Desktop\Fall 2021\Neuro\hgcn\study\meg\lp\alpha_full_findc_3d\3_42,"(0.03547466332681442, 0.03568441913117052)","(0.9871405628626437, 0.987756794337864)",0.9,0.6749308858540419,20,0.026,
6,C:\Users\coleb\OneDrive\Desktop\Fall 2021\Neuro\hgcn\study\meg\lp\alpha_full_findc_3d\4_42,"(0.035808305312674836, 0.03534397670430335)","(0.9867750126281306, 0.9883744498532369)",0.9,0.714998863682792,20,0.026,
