,threshold,mAPs,Mean Ranks,Mean Degrees,ROC,ROCDist,BCE,mAPs_blind,Mean Ranks_blind,Mean Degrees_blind,ROC_blind,ROCDist_blind,BCE_blind,Dev Loss,T Trained,Root
0,0.329,0.7506110461584227,20.756797765991713,18.31575400440403,0.822178833321404,0.8547413933056904,0.4301605022205929,0.7506110461584227,20.756797765991713,18.31575400440403,0.822178833321404,0.8547413933056904,0.4301605022205929,-1,0.329,C:\Users\coleb\OneDrive\Desktop\Fall 2021\Neuro\hgcn\data\MEG\329\plv\alpha\poinc_embs4d_4d
