,threshold,mAPs,Mean Ranks,Mean Degrees,ROC,BCE,mAPs_blind,Mean Ranks_blind,Mean Degrees_blind,ROC_blind,BCE_blind,Dev Loss,T Trained,Root,ID
0,0.329,0.7156594780295853,18.433592853360878,19.628520378567195,0.9060029097016487,2.1061822908103256,0.7156594780295853,18.433592853360878,19.628520378567195,0.9060029097016487,2.1061822908103256,0.13848402824817974,0.329,C:\Users\coleb\OneDrive\Desktop\Fall 2021\Neuro\hgcn\study\meg\lp\alpha_full_euc_3d\1,0
0,0.329,0.6930684324517622,17.50383763314755,17.313647476639048,0.9003935836999712,1.8294346845449045,0.6930684324517622,17.50383763314755,17.313647476639048,0.9003935836999712,1.8294346845449045,0.13835854746823062,0.329,C:\Users\coleb\OneDrive\Desktop\Fall 2021\Neuro\hgcn\study\meg\lp\alpha_full_euc_3d\2,1
0,0.329,0.6940817216934516,17.938106906142192,18.248435942032575,0.9055646368671538,1.9520522614892972,0.6940817216934516,17.938106906142192,18.248435942032575,0.9055646368671538,1.9520522614892972,0.13272037498563266,0.329,C:\Users\coleb\OneDrive\Desktop\Fall 2021\Neuro\hgcn\study\meg\lp\alpha_full_euc_3d\3,2
0,0.329,0.7034605354537721,17.59663025289619,17.718661884134733,0.9022621000492514,1.8844254853661653,0.7034605354537721,17.59663025289619,17.718661884134733,0.9022621000492514,1.8844254853661653,0.137109986695533,0.329,C:\Users\coleb\OneDrive\Desktop\Fall 2021\Neuro\hgcn\study\meg\lp\alpha_full_euc_3d\4,3
