,threshold,mAPs,Mean Ranks,Mean Degrees,ROC,BCE,mAPs_blind,Mean Ranks_blind,Mean Degrees_blind,ROC_blind,BCE_blind,Dev Loss,T Trained,Root,ID
0,0.329,0.7950133504062821,15.08703151846735,18.302341769757497,0.9415140867238281,2.0328280341411205,0.7950133504062821,15.08703151846735,18.302341769757497,0.9415140867238281,2.0328280341411205,0.11812585847671385,0.329,C:\Users\coleb\OneDrive\Desktop\Fall 2021\Neuro\hgcn\study\meg\lp\alpha_full_euc_4d\1,0
0,0.329,0.788171077957592,14.929798430678524,17.906656058083957,0.9427564409851862,1.98453838876844,0.788171077957592,14.929798430678524,17.906656058083957,0.9427564409851862,1.98453838876844,0.11562259566141736,0.329,C:\Users\coleb\OneDrive\Desktop\Fall 2021\Neuro\hgcn\study\meg\lp\alpha_full_euc_4d\2,1
0,0.329,0.7912104427956559,15.680726822029742,18.87320473776466,0.9384511043894724,2.099028618508573,0.7912104427956559,15.680726822029742,18.87320473776466,0.9384511043894724,2.099028618508573,0.11695114603954299,0.329,C:\Users\coleb\OneDrive\Desktop\Fall 2021\Neuro\hgcn\study\meg\lp\alpha_full_euc_4d\3,2
0,0.329,0.7993124598068467,15.317231747237194,18.457772875446093,0.9400048805665568,2.051994047937236,0.7993124598068467,15.317231747237194,18.457772875446093,0.9400048805665568,2.051994047937236,0.11500994667562565,0.329,C:\Users\coleb\OneDrive\Desktop\Fall 2021\Neuro\hgcn\study\meg\lp\alpha_full_euc_4d\4,3
