,threshold,mAPs,Mean Ranks,Mean Degrees,ROC,ROCDist,BCE,mAPs_blind,Mean Ranks_blind,Mean Degrees_blind,ROC_blind,ROCDist_blind,BCE_blind,Dev Loss,T Trained,Root
0,0.329,0.7508943967012922,20.74563606455019,18.31575400440403,0.8224508481048939,0.854808670029237,0.43043169972819173,0.7508943967012922,20.74563606455019,18.31575400440403,0.8224508481048939,0.854808670029237,0.43043169972819173,-1,0.329,C:\Users\coleb\OneDrive\Desktop\Fall 2021\Neuro\hgcn\data\MEG\329\plv\alpha\poinc_embs6d_6d
