,threshold,mAPs,Mean Ranks,Mean Degrees,ROC,ROCDist,BCE,mAPs_blind,Mean Ranks_blind,Mean Degrees_blind,ROC_blind,ROCDist_blind,BCE_blind,Dev Loss,T Trained,Root,ID
0,0.329,0.8214690695775592,15.119592998051628,17.974485273502676,0.9604096395496722,0.9604096395496722,0.5092376351779669,0.8214690695775592,15.119592998051628,17.974485273502676,0.9604096395496722,0.9604096395496722,0.5092376351779669,0.564071806384464,0.329,C:\Users\coleb\OneDrive\Desktop\Fall 2021\Neuro\hgcn\study\meg\lp\alpha_nowt_findc_2d\1,0
0,0.329,0.8158480546240294,16.211739040864604,18.77120266333749,0.9518488064112349,0.9518488064112349,0.5170438995366615,0.8158480546240294,16.211739040864604,18.77120266333749,0.9518488064112349,0.9518488064112349,0.5170438995366615,0.550094161814467,0.329,C:\Users\coleb\OneDrive\Desktop\Fall 2021\Neuro\hgcn\study\meg\lp\alpha_nowt_findc_2d\2,1
