,threshold,mAPs,Mean Ranks,Mean Degrees,ROC,ROCDist,BCE,mAPs_blind,Mean Ranks_blind,Mean Degrees_blind,ROC_blind,ROCDist_blind,BCE_blind,Dev Loss,T Trained,Root
0,0.329,0.7250206190728834,21.626020175138745,18.31575400440403,0.8144634795556278,0.8450911077729043,0.4440295766568648,0.7250206190728834,21.626020175138745,18.31575400440403,0.8144634795556278,0.8450911077729043,0.4440295766568648,-1,0.329,C:\Users\coleb\OneDrive\Desktop\Fall 2021\Neuro\hgcn\data\MEG\329\plv\alpha\poinc_embs2d
