,threshold,mAPs,Mean Ranks,Mean Degrees,ROC,ROCDist,BCE,mAPs_blind,Mean Ranks_blind,Mean Degrees_blind,ROC_blind,ROCDist_blind,BCE_blind,Dev Loss,T Trained,Root
0,0.329,0.7232696203755673,21.626408301913717,18.31575400440403,0.815336897965217,0.8446635162765176,0.44843221580912124,0.7232696203755673,21.626408301913717,18.31575400440403,0.815336897965217,0.8446635162765176,0.44843221580912124,-1,0.329,C:\Users\coleb\OneDrive\Desktop\Fall 2021\Neuro\hgcn\data\MEG\329\plv\alpha\poinc_embs2d
