,threshold,mAPs,Mean Ranks,Mean Degrees,ROC,BCE,mAPs_blind,Mean Ranks_blind,Mean Degrees_blind,ROC_blind,BCE_blind,Dev Loss,T Trained,Root
0,0.329,0.9256472979805282,13.959633096470338,18.325724074630777,0.9768502787860436,0.9554120357954654,0.9273744429777329,14.438707062245543,19.15734498543487,0.9762141806394364,0.9533480286672599,0.03015468808397818,0.329,C:\Users\coleb\OneDrive\Desktop\Fall 2021\Neuro\hgcn\study\meg\lp\alpha_full_findc_8d\1
