,threshold,mAPs,Mean Ranks,Mean Degrees,ROC,ROCDist,BCE,mAPs_blind,Mean Ranks_blind,Mean Degrees_blind,ROC_blind,ROCDist_blind,BCE_blind,Dev Loss,T Trained,Root
0,0.329,0.750569478342594,20.744388723348013,18.31575400440403,0.8224461727036224,0.8549526512647418,0.43017747700411585,0.750569478342594,20.744388723348013,18.31575400440403,0.8224461727036224,0.8549526512647418,0.43017747700411585,-1,0.329,C:\Users\coleb\OneDrive\Desktop\Fall 2021\Neuro\hgcn\data\MEG\329\plv\alpha\poinc_embs8d_8d
