,threshold,mAPs,Mean Ranks,Mean Degrees,ROC,BCE,mAPs_blind,Mean Ranks_blind,Mean Degrees_blind,ROC_blind,BCE_blind,Dev Loss,T Trained,Root,ID
0,0.329,0.9372158751644898,14.132477079327911,19.013182622101162,0.9817944430962287,0.5179776594557742,0.9372158751644898,14.132477079327911,19.013182622101162,0.9817944430962287,0.5179776594557742,0.5009529538830546,0.329,C:\Users\coleb\OneDrive\Desktop\Fall 2021\Neuro\hgcn\study\meg\lp\alpha_nowt_findc_3d\1,0
0,0.329,0.9418270574237337,14.250907772462533,19.376551721963704,0.9836385181651851,0.5201952504219914,0.9418270574237337,14.250907772462533,19.376551721963704,0.9836385181651851,0.5201952504219914,0.505840243117522,0.329,C:\Users\coleb\OneDrive\Desktop\Fall 2021\Neuro\hgcn\study\meg\lp\alpha_nowt_findc_3d\2,1
0,0.329,0.9406607297082485,14.071578134696557,19.003038815117467,0.9842465390352816,0.5161201027296751,0.9406607297082485,14.071578134696557,19.003038815117467,0.9842465390352816,0.5161201027296751,0.5036563676748098,0.329,C:\Users\coleb\OneDrive\Desktop\Fall 2021\Neuro\hgcn\study\meg\lp\alpha_nowt_findc_3d\3,2
