,dir,loss,roc,gamma,c,lr-reduce-freq,lr,best_epoch
0,C:\Users\coleb\OneDrive\Desktop\Fall 2021\Neuro\hgcn\study\meg\lp\alpha_nowt_findc_3d\1,"(0.501552374357459, 0.5009529538830546)","(0.9845536218312844, 0.9850481140477131)",0.5706220135757472,0.20741237145689367,20,0.029485194377174374,
1,C:\Users\coleb\OneDrive\Desktop\Fall 2021\Neuro\hgcn\study\meg\lp\alpha_nowt_findc_3d\2,"(0.49899676549481103, 0.505840243117522)","(0.9850764872639586, 0.9849312375895245)",0.8061508588686785,0.2100396907119298,20,0.019996077653420728,
2,C:\Users\coleb\OneDrive\Desktop\Fall 2021\Neuro\hgcn\study\meg\lp\alpha_nowt_findc_3d\3,"(0.4997493954782289, 0.5036563676748098)","(0.9849272956682013, 0.9849605647863249)",0.9524845917598151,0.2033746366203758,20,0.013381178337893124,
