,welch_ttest,p_value,t_value,Significant,q_value
0,0.0,0.02663515360933945,-2.255295122994834,1.0,0.02663515360933945
