,welch_ttest,p_value,t_value,Significant,q_value
0,0.0,0.5531297994421565,-0.5979218734696847,0.0,0.5531297994421565
