,welch_ttest,p_value,t_value,Significant,q_value
0,0.0,0.017838386250158524,-2.4657947792262256,1.0,0.017838386250158524
