,welch_ttest,p_value,t_value,Significant,q_value
0,0.0,0.7247727487824233,-0.3533033109302849,0.0,0.7247727487824233
