,welch_ttest,p_value,t_value,Significant,q_value
0,0.0,0.27964622911865367,1.0982793865841063,0.0,0.27964622911865367
