,welch_ttest,p_value,t_value,Significant,q_value
0,0.0,0.29221158432581823,-1.0653809985522822,0.0,0.29221158432581823
