,threshold,mAPs,Mean Ranks,Mean Degrees,ROC,ROCDist,BCE,mAPs_blind,Mean Ranks_blind,Mean Degrees_blind,ROC_blind,ROCDist_blind,BCE_blind,Dev Loss,T Trained,Root,ID
0,0.329,0.7994400694379018,17.14687164726995,19.114401269246773,0.9408283622654999,0.9408283622654999,0.5575221860454976,0.7994400694379018,17.14687164726995,19.114401269246773,0.9408283622654999,0.9408283622654999,0.5575221860454976,0.07273456390727437,0.329,C:\Users\coleb\OneDrive\Desktop\Fall 2021\Neuro\hgcn\study\meg\lp\alpha_full_setc_2d_2\1,0
