,threshold,mAPs,Mean Ranks,Mean Degrees,ROC,ROCDist,BCE,mAPs_blind,Mean Ranks_blind,Mean Degrees_blind,ROC_blind,ROCDist_blind,BCE_blind,Dev Loss,T Trained,Root,ID
0,0.329,0.9600145384351991,13.573214435591076,18.617501954627425,0.987747340488739,0.987747340488739,0.5677891918472211,0.9600145384351991,13.573214435591076,18.617501954627425,0.987747340488739,0.987747340488739,0.5677891918472211,0.03295316313606269,0.329,C:\Users\coleb\OneDrive\Desktop\Fall 2021\Neuro\hgcn\study\meg\lp\alpha_novirt_findc_4d\1,0
