,threshold,mAPs,Mean Ranks,Mean Degrees,ROC,BCE,mAPs_blind,Mean Ranks_blind,Mean Degrees_blind,ROC_blind,BCE_blind,Dev Loss,T Trained,Root,ID
0,0.329,0.8287815792258124,15.268173468831971,19.359763600423715,0.9507157469671902,2.1867934961486197,0.8287815792258124,15.268173468831971,19.359763600423715,0.9507157469671902,2.1867934961486197,0.11165722102663825,0.329,C:\Users\coleb\OneDrive\Desktop\Fall 2021\Neuro\hgcn\study\meg\lp\alpha_full_euc_8d\1,0
0,0.329,0.8685024028565835,14.197426900504267,17.938570316145224,0.9591396063607563,2.0408953088741546,0.8685024028565835,14.197426900504267,17.938570316145224,0.9591396063607563,2.0408953088741546,0.10963112038307463,0.329,C:\Users\coleb\OneDrive\Desktop\Fall 2021\Neuro\hgcn\study\meg\lp\alpha_full_euc_8d\2,1
0,0.329,0.7915074845081168,14.439818557536285,17.2773763093291,0.946902161865703,1.931122483013931,0.7915074845081168,14.439818557536285,17.2773763093291,0.946902161865703,1.931122483013931,0.11189894511741108,0.329,C:\Users\coleb\OneDrive\Desktop\Fall 2021\Neuro\hgcn\study\meg\lp\alpha_full_euc_8d\3,2
0,0.329,0.8195389197460935,14.690731903640758,18.275197669579697,0.9509642307274971,2.065594561383656,0.8195389197460935,14.690731903640758,18.275197669579697,0.9509642307274971,2.065594561383656,0.11713165648709456,0.329,C:\Users\coleb\OneDrive\Desktop\Fall 2021\Neuro\hgcn\study\meg\lp\alpha_full_euc_8d\4,3
