,threshold,mAPs,Mean Ranks,Mean Degrees,ROC,BCE,mAPs_blind,Mean Ranks_blind,Mean Degrees_blind,ROC_blind,BCE_blind,Dev Loss,T Trained,Root
0,0.329,0.957650511741007,14.156584363063681,19.40740740740741,0.9871299685862175,0.5834164173726113,0.957650511741007,14.156584363063681,19.40740740740741,0.9871299685862175,0.5834164173726113,0.03637792326001701,0.329,C:\Users\coleb\OneDrive\Desktop\Fall 2021\Neuro\hgcn\study\meg\lp\alpha_full_findc_3d\1_42
