,threshold,mAPs,Mean Ranks,Mean Degrees,ROC,ROCDist,BCE,mAPs_blind,Mean Ranks_blind,Mean Degrees_blind,ROC_blind,ROCDist_blind,BCE_blind,Dev Loss,T Trained,Root,ID
0,0.329,0.8191488916590038,14.881774863930733,18.702409708823566,0.9511824232724917,0.9511824232724917,2.10948260408046,0.8191488916590038,14.881774863930733,18.702409708823566,0.9511824232724917,0.9511824232724917,2.10948260408046,0.10853514038581041,0.329,C:\Users\coleb\OneDrive\Desktop\Fall 2021\Neuro\hgcn\study\meg\lp\alpha_full_euc_6d\1,0
0,0.329,0.8152550569799131,14.78048667150649,18.29981966985712,0.9509282238215335,0.9509282238215335,2.056997149900188,0.8152550569799131,14.78048667150649,18.29981966985712,0.9509282238215335,0.9509282238215335,2.056997149900188,0.11375701233441544,0.329,C:\Users\coleb\OneDrive\Desktop\Fall 2021\Neuro\hgcn\study\meg\lp\alpha_full_euc_6d\2,1
0,0.329,0.8056587596111591,13.930016341338558,16.90048282449968,0.9513592555579363,0.9513592555579363,1.8931752189824596,0.8056587596111591,13.930016341338558,16.90048282449968,0.9513592555579363,0.9513592555579363,1.8931752189824596,0.10663377944470935,0.329,C:\Users\coleb\OneDrive\Desktop\Fall 2021\Neuro\hgcn\study\meg\lp\alpha_full_euc_6d\3,2
