,threshold,mAPs,Mean Ranks,Mean Degrees,ROC,BCE,mAPs_blind,Mean Ranks_blind,Mean Degrees_blind,ROC_blind,BCE_blind,Dev Loss,T Trained,Root,ID
0,0.329,0.5637073148948699,21.48110600360127,18.13953462527901,0.8496078721268723,1.8106690642522558,0.5637073148948699,21.48110600360127,18.13953462527901,0.8496078721268723,1.8106690642522558,0.1691702440368472,0.329,C:\Users\coleb\OneDrive\Desktop\Fall 2021\Neuro\hgcn\study\meg\lp\alpha_full_euc_2d\1,0
0,0.329,0.5786547523021112,22.202414540970654,19.638164453741425,0.8486385667564377,1.9786636157919604,0.5786547523021112,22.202414540970654,19.638164453741425,0.8486385667564377,1.9786636157919604,0.16679725865823256,0.329,C:\Users\coleb\OneDrive\Desktop\Fall 2021\Neuro\hgcn\study\meg\lp\alpha_full_euc_2d\2,1
0,0.329,0.5636276581745199,22.013009277300036,18.72646066748294,0.8463738304201338,1.8848893933397919,0.5636276581745199,22.013009277300036,18.72646066748294,0.8463738304201338,1.8848893933397919,0.16590660326404835,0.329,C:\Users\coleb\OneDrive\Desktop\Fall 2021\Neuro\hgcn\study\meg\lp\alpha_full_euc_2d\3,2
0,0.329,0.5455186445701192,20.961567618618243,16.94896298209613,0.8459359482092041,1.7036349394344343,0.5455186445701192,20.961567618618243,16.94896298209613,0.8459359482092041,1.7036349394344343,0.16450896339322532,0.329,C:\Users\coleb\OneDrive\Desktop\Fall 2021\Neuro\hgcn\study\meg\lp\alpha_full_euc_2d\4,3
0,0.329,0.5651488154343205,21.85606448423507,18.580435755810285,0.848130018350415,1.8602198246501256,0.5651488154343205,21.85606448423507,18.580435755810285,0.848130018350415,1.8602198246501256,0.16038487780826138,0.329,C:\Users\coleb\OneDrive\Desktop\Fall 2021\Neuro\hgcn\study\meg\lp\alpha_full_euc_2d\5,4
0,0.329,0.5620367503891605,21.733308041459562,18.38743694750249,0.8490834257242766,1.8443702965112125,0.5620367503891605,21.733308041459562,18.38743694750249,0.8490834257242766,1.8443702965112125,0.17045484235283684,0.329,C:\Users\coleb\OneDrive\Desktop\Fall 2021\Neuro\hgcn\study\meg\lp\alpha_full_euc_2d\6,5
