,threshold,mAPs,Mean Ranks,Mean Degrees,ROC,ROCDist,BCE,mAPs_blind,Mean Ranks_blind,Mean Degrees_blind,ROC_blind,ROCDist_blind,BCE_blind,Dev Loss,T Trained,Root,ID
0,0.329,0.9232248830865823,13.566536957895275,17.726806769316134,0.9804620993639703,0.9804620993639703,0.5774574645493596,0.9232248830865823,13.566536957895275,17.726806769316134,0.9804620993639703,0.9804620993639703,0.5774574645493596,0.04126154327383888,0.329,C:\Users\coleb\OneDrive\Desktop\Fall 2021\Neuro\hgcn\study\meg\lp\alpha_full_setc_3d\1,0
0,0.329,0.9453896350101001,13.889675656460128,18.574593863100418,0.9838463533465018,0.9838463533465018,0.5875251881024686,0.9453896350101001,13.889675656460128,18.574593863100418,0.9838463533465018,0.9838463533465018,0.5875251881024686,0.03754924563270994,0.329,C:\Users\coleb\OneDrive\Desktop\Fall 2021\Neuro\hgcn\study\meg\lp\alpha_full_setc_3d\2,1
0,0.329,0.9492446365852591,13.743038437514421,18.482685250803776,0.9853883197436113,0.9853883197436113,0.584480499081391,0.9492446365852591,13.743038437514421,18.482685250803776,0.9853883197436113,0.9853883197436113,0.584480499081391,0.03848666732570098,0.329,C:\Users\coleb\OneDrive\Desktop\Fall 2021\Neuro\hgcn\study\meg\lp\alpha_full_setc_3d\3,2
