,threshold,mAPs,Mean Ranks,Mean Degrees,ROC,ROCDist,BCE,mAPs_blind,Mean Ranks_blind,Mean Degrees_blind,ROC_blind,ROCDist_blind,BCE_blind,Dev Loss,T Trained,Root,ID
0,0.329,0.9506768870271411,13.342897391295832,17.89794929633413,0.9861357596608917,0.9861357596608917,0.6000920359841089,0.9506768870271411,13.342897391295832,17.89794929633413,0.9861357596608917,0.9861357596608917,0.6000920359841089,0.037665266148766204,0.329,C:\Users\coleb\OneDrive\Desktop\Fall 2021\Neuro\hgcn\study\meg\lp\alpha_full_setc_6d\1,0
0,0.329,0.9511112995029595,13.726666147401637,18.4399569981967,0.9857044823630216,0.9857044823630216,0.5993759138732941,0.9511112995029595,13.726666147401637,18.4399569981967,0.9857044823630216,0.9857044823630216,0.5993759138732941,0.03596353450714537,0.329,C:\Users\coleb\OneDrive\Desktop\Fall 2021\Neuro\hgcn\study\meg\lp\alpha_full_setc_6d\2,1
