,threshold,mAPs,Mean Ranks,Mean Degrees,ROC,ROCDist,BCE,mAPs_blind,Mean Ranks_blind,Mean Degrees_blind,ROC_blind,ROCDist_blind,BCE_blind,Dev Loss,T Trained,Root,ID
0,0.329,0.7448587343446449,18.73378179098659,18.311404935749504,0.9004942041118296,0.9004942041118296,1.5046363288705384,0.7448587343446449,18.73378179098659,18.311404935749504,0.9004942041118296,0.9004942041118296,1.5046363288705384,0.03181089148596774,0.329,C:\Users\coleb\OneDrive\Desktop\Fall 2021\Neuro\hgcn\study\meg\lp\alpha_novirt_findc_6d\1,0
