,threshold,mAPs,Mean Ranks,Mean Degrees,ROC,ROCDist,BCE,mAPs_blind,Mean Ranks_blind,Mean Degrees_blind,ROC_blind,ROCDist_blind,BCE_blind,Dev Loss,T Trained,Root,ID
0,0.329,0.9631333012575646,13.707982852358807,19.15734498543487,0.9896144093062476,0.9896144093062476,0.6237926100783101,0.9631333012575646,13.707982852358807,19.15734498543487,0.9896144093062476,0.9896144093062476,0.6237926100783101,0.03015468808397818,0.329,C:\Users\coleb\OneDrive\Desktop\Fall 2021\Neuro\hgcn\study\meg\lp\alpha_full_findc_8d\1,0
0,0.329,0.9625810586725572,13.373844308766671,18.544407577062614,0.9899060805128419,0.9899060805128419,0.6113565236546946,0.9625810586725572,13.373844308766671,18.544407577062614,0.9899060805128419,0.9899060805128419,0.6113565236546946,0.03207267040737031,0.329,C:\Users\coleb\OneDrive\Desktop\Fall 2021\Neuro\hgcn\study\meg\lp\alpha_full_findc_8d\2,1
0,0.329,0.9656950612596028,12.768041731983752,17.322885534496024,0.9910747405159245,0.9910747405159245,0.6155960979609726,0.9656950612596028,12.768041731983752,17.322885534496024,0.9910747405159245,0.9910747405159245,0.6155960979609726,0.03138652074663103,0.329,C:\Users\coleb\OneDrive\Desktop\Fall 2021\Neuro\hgcn\study\meg\lp\alpha_full_findc_8d\3,2
