,threshold,mAPs,Mean Ranks,Mean Degrees,ROC,BCE,mAPs_blind,Mean Ranks_blind,Mean Degrees_blind,ROC_blind,BCE_blind,Dev Loss,T Trained,Root
0,0.329,0.9436653730796091,15.262809035742828,20.82621722846442,0.9830653482895988,0.566486047128675,0.9436653730796091,15.262809035742828,20.82621722846442,0.9830653482895988,0.566486047128675,0.03469403622651801,0.329,C:\Users\coleb\OneDrive\Desktop\Fall 2021\Neuro\hgcn\study\meg\lp\alpha_full_findc_3d\1
